{
  "family": "prescripto-admin",
  "networkMode": "awsvpc",
  "requiresCompatibilities": ["FARGATE"],
  "cpu": "256",
  "memory": "512",
  "containerDefinitions": [
    {
      "name": "prescripto-admin",
      "image": "YOUR_AWS_ACCOUNT_ID.dkr.ecr.YOUR_REGION.amazonaws.com/prescripto-admin:latest",
      "portMappings": [
        {
          "containerPort": 80,
          "protocol": "tcp"
        }
      ],
      "essential": true,
      "logConfiguration": {
        "logDriver": "awslogs",
        "options": {
          "awslogs-group": "/ecs/prescripto-admin",
          "awslogs-region": "YOUR_REGION",
          "awslogs-stream-prefix": "ecs"
        }
      }
    }
  ]
}

