{
  "family": "prescripto-backend",
  "networkMode": "awsvpc",
  "requiresCompatibilities": ["FARGATE"],
  "cpu": "256",
  "memory": "512",
  "containerDefinitions": [
    {
      "name": "prescripto-backend",
      "image": "YOUR_AWS_ACCOUNT_ID.dkr.ecr.YOUR_REGION.amazonaws.com/prescripto-backend:latest",
      "portMappings": [
        {
          "containerPort": 4000,
          "protocol": "tcp"
        }
      ],
      "essential": true,
      "environment": [
        {
          "name": "PORT",
          "value": "4000"
        }
      ],
      "secrets": [
        {
          "name": "MONGODB_URI",
          "valueFrom": "arn:aws:secretsmanager:YOUR_REGION:YOUR_ACCOUNT_ID:secret:prescripto/mongodb-uri"
        },
        {
          "name": "CLOUDINARY_CLOUD_NAME",
          "valueFrom": "arn:aws:secretsmanager:YOUR_REGION:YOUR_ACCOUNT_ID:secret:prescripto/cloudinary-cloud-name"
        },
        {
          "name": "CLOUDINARY_API_KEY",
          "valueFrom": "arn:aws:secretsmanager:YOUR_REGION:YOUR_ACCOUNT_ID:secret:prescripto/cloudinary-api-key"
        },
        {
          "name": "CLOUDINARY_API_SECRET",
          "valueFrom": "arn:aws:secretsmanager:YOUR_REGION:YOUR_ACCOUNT_ID:secret:prescripto/cloudinary-api-secret"
        },
        {
          "name": "JWT_SECRET",
          "valueFrom": "arn:aws:secretsmanager:YOUR_REGION:YOUR_ACCOUNT_ID:secret:prescripto/jwt-secret"
        }
      ],
      "logConfiguration": {
        "logDriver": "awslogs",
        "options": {
          "awslogs-group": "/ecs/prescripto-backend",
          "awslogs-region": "YOUR_REGION",
          "awslogs-stream-prefix": "ecs"
        }
      }
    }
  ]
}

